threshold_kw,fee_per_hour,smoothing_width_kw,n_training_restarts,n_selected_batches,n_days,mean_learned_cost,mean_deterministic_cost,mean_no_storage_cost,learned_minus_deterministic,learned_minus_no_storage,mean_terminal_penalty,mean_smooth_minus_hard_cost,mean_exact_threshold_hours,mean_near_5kw_hours,mean_near_10kw_hours,mean_near_20kw_hours
250,20,5,1,1,30,1286.9484757414791,1278.8947974172202,1329.264629789469,8.053678324258943,-42.31615404798962,0.07622048674836718,62.43448383042187,6.216666666666665,6.249999999999998,6.299999999999998,6.391666666666665
250,20,10,1,1,30,1289.498960045397,1278.8947974172202,1329.264629789469,10.604162628177061,-39.7656697440715,0.06387582495306011,58.043549749162636,5.758333333333331,5.766666666666665,5.774999999999998,5.858333333333332
250,20,20,1,1,30,1293.433274209007,1278.8947974172202,1329.264629789469,14.538476791787089,-35.83135558046148,0.1568877454524212,58.685064757689325,5.791666666666665,5.808333333333332,5.833333333333331,5.8666666666666645
250,40,5,1,1,30,1566.365320635735,1538.8701435751407,1778.5979631228038,27.495177060594372,-212.23264248706872,0.025247184682729167,194.08350855563012,9.683333333333335,9.691666666666668,9.758333333333335,9.89166666666667
250,40,10,1,1,30,1566.4100626617053,1538.8701435751407,1778.5979631228038,27.539919086564787,-212.18790046109825,0.24076940352972023,192.8436645290876,9.558333333333334,9.583333333333336,9.65,9.691666666666668
250,40,20,1,1,30,1557.5866869806184,1538.8701435751407,1778.5979631228038,18.716543405477974,-221.01127614218504,0.23776703867577656,205.0573940336548,9.94166666666667,9.983333333333338,10.06666666666667,10.21666666666667
250,80,5,1,1,30,1943.3319376049774,1914.4203223955112,2677.264629789473,28.911615209466845,-733.9326921844956,0.6691211700145517,543.672134303827,13.591666666666693,13.600000000000026,13.600000000000026,13.60833333333336
250,80,10,1,1,30,1952.642768238016,1914.4203223955112,2677.264629789473,38.22244584250468,-724.6218615514578,0.6705296313868878,526.9577988655939,13.11666666666669,13.125000000000023,13.19166666666669,13.24166666666669
250,80,20,1,1,30,1930.6561256107946,1914.4203223955112,2677.264629789473,16.2358032152835,-746.6085041786789,1.286896676227213,571.2386790551107,14.283333333333363,14.283333333333363,14.283333333333363,14.283333333333363
300,20,5,1,1,30,1255.8909631056133,1247.9635586660347,1315.264629789469,7.9274044395781065,-59.37366668385542,0.24288560309073876,72.52897775362531,7.216666666666662,7.216666666666662,7.324999999999995,7.508333333333329
300,20,10,5,1,30,1258.2264736092236,1247.9635586660347,1315.264629789469,10.262914943188651,-57.03815618024488,0.2432082045235164,68.77931070568681,6.724999999999995,6.741666666666662,6.866666666666663,6.991666666666663
300,20,20,1,1,30,1257.4530780650446,1247.9635586660347,1315.264629789469,9.489519399009547,-57.81155172442397,0.23997918575242183,69.7747190084933,6.674999999999997,6.674999999999997,6.774999999999998,6.958333333333331
300,40,5,1,1,30,1493.7813347088143,1464.8109066014536,1750.5979631228038,28.970428107360636,-256.81662841398935,0.39549592120863275,235.91775619409793,11.79166666666668,11.800000000000013,11.84166666666668,11.900000000000013
300,40,10,25,5,30,1489.1358404343332,1464.8109066014536,1750.5979631228038,24.32493383288003,-261.46212268847,0.372267936669749,225.53942301265826,11.165000000000008,11.171666666666674,11.253333333333341,11.378333333333341
300,40,20,1,1,30,1493.3760180704035,1464.8109066014536,1750.5979631228038,28.5651114689499,-257.22194505240003,0.24137877427727103,214.68611194326422,10.475000000000003,10.475000000000003,10.550000000000006,10.650000000000006
300,80,5,1,1,30,1800.3395448842457,1782.2062300664372,2621.264629789473,18.1333148178085,-820.9250849052274,0.6826296521283679,622.1639798522028,15.558333333333367,15.558333333333367,15.5666666666667,15.600000000000032
300,80,10,5,1,30,1769.7049941859927,1782.2062300664372,2621.264629789473,-12.50123588044452,-851.5596356034804,0.4151262285334995,639.9518480720319,15.975000000000032,15.975000000000032,16.016666666666698,16.016666666666698
300,80,20,1,1,30,1772.825395062494,1782.2062300664372,2621.264629789473,-9.380835003942995,-848.4392347269787,1.2512923056396912,644.0455281096348,16.083333333333364,16.0916666666667,16.0916666666667,16.108333333333366
350,20,5,1,1,30,1206.8242994639845,1208.8824174027607,1291.931296456135,-2.058117938775975,-85.10699699215044,0.24218878463160515,90.02204070198393,8.958333333333332,9.008333333333331,9.041666666666664,9.099999999999998
350,20,10,1,1,30,1212.6162648907828,1208.8824174027607,1291.931296456135,3.733847488022453,-79.31503156535203,0.4265647860086797,78.34164877911199,7.349999999999994,7.624999999999996,7.8333333333333295,7.999999999999996
350,20,20,1,1,30,1218.1385375798225,1208.8824174027607,1291.931296456135,9.256120177061943,-73.79275887631255,0.38106270252406876,74.67065606582811,6.749999999999995,6.983333333333329,7.199999999999997,7.3833333333333275
350,40,5,1,1,30,1412.9644819132727,1381.7268688893212,1703.9312964561364,31.237613023951553,-290.9668145428637,0.33418444620716664,238.60097022729593,11.808333333333344,11.900000000000013,12.008333333333349,12.125000000000016
350,40,10,1,1,30,1422.5101421058873,1381.7268688893212,1703.9312964561364,40.78327321656654,-281.4211543502486,0.291852512699311,241.23433828266843,11.84166666666668,11.933333333333348,12.041666666666682,12.166666666666682
350,40,20,1,1,30,1400.974411614278,1381.7268688893212,1703.9312964561364,19.24754272495705,-302.9568848418581,0.2921983548882175,267.9049179223909,12.891666666666685,13.058333333333353,13.233333333333354,13.391666666666689
350,80,5,1,1,30,1622.414588552857,1652.0997253917178,2527.9312964561386,-29.685136838860974,-905.5167079032818,6.41089551386436,685.3863666766555,17.11666666666669,17.14166666666669,17.150000000000023,17.183333333333355
350,80,10,1,1,30,1621.352300320907,1652.0997253917178,2527.9312964561386,-30.74742507081082,-906.5789961352316,8.117002780475875,687.210073399645,17.175000000000022,17.183333333333355,17.183333333333355,17.191666666666688
350,80,20,1,1,30,1618.6310062908185,1652.0997253917178,2527.9312964561386,-33.468719100899385,-909.3002901653202,9.466584748320084,693.5579150590588,17.30833333333335,17.30833333333335,17.30833333333335,17.341666666666686
